{
    "all_media": [],
    "original_files": [
        {
            "url": "/pictures/241113-160101/original/0001.jpg",
            "thumb": "/pictures/241113-160101/original/0001.jpg",
            "camera_index": 1
        },
        {
            "url": "/pictures/241113-160101/original/0002.jpg",
            "thumb": "/pictures/241113-160101/original/0002.jpg",
            "camera_index": 2
        },
        {
            "url": "/pictures/241113-160101/original/0003.jpg",
            "thumb": "/pictures/241113-160101/original/0003.jpg",
            "camera_index": 3
        },
        {
            "url": "/pictures/241113-160101/original/0004.jpg",
            "thumb": "/pictures/241113-160101/original/0004.jpg",
            "camera_index": 4
        }
    ],
    "aligned_files": [],
    "raw_files": [],
    "mp4_files": [],
    "gif_files": [],
    "preview_files": [],
    "frame_files": [],
    "thumbs_files": [
        {
            "url": "/pictures/241113-160101/thumbs/0001_0014.jpg.thumb.jpg",
            "thumb": "/pictures/241113-160101/thumbs/0001_0014.jpg.thumb.jpg"
        },
        {
            "url": "/pictures/241113-160101/thumbs/0002_0014.jpg.thumb.jpg",
            "thumb": "/pictures/241113-160101/thumbs/0002_0014.jpg.thumb.jpg"
        },
        {
            "url": "/pictures/241113-160101/thumbs/0003_0014.jpg.thumb.jpg",
            "thumb": "/pictures/241113-160101/thumbs/0003_0014.jpg.thumb.jpg"
        },
        {
            "url": "/pictures/241113-160101/thumbs/0004_0014.jpg.thumb.jpg",
            "thumb": "/pictures/241113-160101/thumbs/0004_0014.jpg.thumb.jpg"
        }
    ],
    "small_thumbs_files": [],
    "original_movies": [],
    "interpolated_files": [],
    "wiggle_files": [],
    "calibration_file": "",
    "show_in_gallery": true,
    "settings_summary": "",
    "output_settings": {
        "resolution": "720x480",
        "aspect_ratio": "3:2",
        "output_fps": 12,
        "repeat": 1,
        "bounce": true,
        "trigger_mode": "Freeze",
        "trigger_delay": 0
    },
    "performance": {
        "durations": {
            "trigger_duration": 316.66666666666663,
            "file_transfer_duration": 2113.5788,
            "extract_raw_duration": 0.5079,
            "check_files_duration": 2.2601,
            "wiggle_duration": 0.43279999999999996,
            "input_transform_duration": 0.3669,
            "recalibrate_duration": 1.0822,
            "apply_calibration_duration": 0.8928999999999999,
            "flowframes_interpolation_duration": 0.5225,
            "apply_chromakey_duration": 0.5639,
            "prepare_movie_duration": 0.9904999999999999,
            "generate_movie_duration": 0.74,
            "extract_movie_thumb_duration": 2588.3696999999997,
            "backup_duration": 0.047,
            "process_duration": 2620.2254,
            "total_duration": 5090.7705
        },
        "downloaded_size": 24517355,
        "transfer_rate": 11599924.73429427,
        "process_duration": null,
        "total_duration": null
    },
    "expected_picture_count": 4,
    "iterations": 1,
    "expected_cameras": 4,
    "timestamp": "241113-160101",
    "sequence_number": 235
}